{
    "interactionModel": {
        "languageModel": {
            "invocationName": "allegheny user registration",
            "intents": [
                {
                    "name": "AMAZON.FallbackIntent",
                    "samples": []
                },
                {
                    "name": "AMAZON.CancelIntent",
                    "samples": []
                },
                {
                    "name": "AMAZON.HelpIntent",
                    "samples": []
                },
                {
                    "name": "AMAZON.StopIntent",
                    "samples": []
                },
                {
                    "name": "AMAZON.NavigateHomeIntent",
                    "samples": []
                },
                {
                    "name": "AlleghenyUserRegistration",
                    "slots": [
                        {
                            "name": "FullName",
                            "type": "AMAZON.Person",
                            "samples": [
                                "I am {FullName}",
                                "My full name is {FullName}",
                                "My name is {FullName}",
                                "{FullName}"
                            ]
                        },
                        {
                            "name": "DateOfBirth",
                            "type": "AMAZON.DATE",
                            "samples": [
                                "My date of birth is on the {DateOfBirth}",
                                "{DateOfBirth}"
                            ]
                        },
                        {
                            "name": "ZipCode",
                            "type": "AMAZON.NUMBER",
                            "samples": [
                                "zip is {ZipCode}",
                                "{ZipCode}",
                                "My zip code is {ZipCode}"
                            ]
                        }
                    ],
                    "samples": [
                        "register my name as {FullName} date of birth as {DateOfBirth} and  zip code as {ZipCode}",
                        "register my name as {FullName}  zip code as {ZipCode} and date of birth as {DateOfBirth}",
                        "register me",
                        "register my details"
                    ]
                }
            ],
            "types": []
        },
        "dialog": {
            "intents": [
                {
                    "name": "AlleghenyUserRegistration",
                    "confirmationRequired": false,
                    "prompts": {},
                    "slots": [
                        {
                            "name": "FullName",
                            "type": "AMAZON.Person",
                            "confirmationRequired": true,
                            "elicitationRequired": true,
                            "prompts": {
                                "confirmation": "Confirm.Slot.1473462264637.506183434011",
                                "elicitation": "Elicit.Slot.1473462264637.506183434011"
                            }
                        },
                        {
                            "name": "DateOfBirth",
                            "type": "AMAZON.DATE",
                            "confirmationRequired": true,
                            "elicitationRequired": true,
                            "prompts": {
                                "confirmation": "Confirm.Slot.1473462264637.669276589410",
                                "elicitation": "Elicit.Slot.1473462264637.669276589410"
                            }
                        },
                        {
                            "name": "ZipCode",
                            "type": "AMAZON.NUMBER",
                            "confirmationRequired": true,
                            "elicitationRequired": true,
                            "prompts": {
                                "confirmation": "Confirm.Slot.1473462264637.536647254395",
                                "elicitation": "Elicit.Slot.1473462264637.536647254395"
                            }
                        }
                    ]
                }
            ],
            "delegationStrategy": "ALWAYS"
        },
        "prompts": [
            {
                "id": "Elicit.Slot.1473462264637.506183434011",
                "variations": [
                    {
                        "type": "PlainText",
                        "value": "Please tell me your full name"
                    }
                ]
            },
            {
                "id": "Confirm.Slot.1473462264637.506183434011",
                "variations": [
                    {
                        "type": "PlainText",
                        "value": "Your full name is {FullName} , right ?"
                    }
                ]
            },
            {
                "id": "Elicit.Slot.1473462264637.669276589410",
                "variations": [
                    {
                        "type": "PlainText",
                        "value": "Please tell me your date of birth . Say something like , My date of birth is on the third of january ,  nineteen eighty one"
                    }
                ]
            },
            {
                "id": "Confirm.Slot.1473462264637.669276589410",
                "variations": [
                    {
                        "type": "SSML",
                        "value": " <speak>Your date of birth is<say-as interpret-as=\"date\"> {DateOfBirth} </say-as> , Is that Right </speak>"
                    }
                ]
            },
            {
                "id": "Elicit.Slot.1473462264637.536647254395",
                "variations": [
                    {
                        "type": "PlainText",
                        "value": "Please tell me your zip code ."
                    }
                ]
            },
            {
                "id": "Confirm.Slot.1473462264637.536647254395",
                "variations": [
                    {
                        "type": "SSML",
                        "value": "<speak>So your zip code is <say-as interpret-as=\"digits\"> {ZipCode} </say-as> , Did I get that right</speak>"
                    }
                ]
            }
        ]
    }
}